[
  {
    "id": "1",
    "tipo": "simple",
    "tema": "Java EE",
    "pregunta": "¿Cuál de las siguientes opciones describe mejor el propósito de la anotación `@WebServlet` en JEE?",
    "opciones": [
      { "id": "a", "texto": "Define una clase como un componente EJB." },
      { "id": "b", "texto": "Define una clase como un servlet que maneja peticiones HTTP." },
      { "id": "c", "texto": "Define una clase como un filtro para peticiones web." },
      { "id": "d", "texto": "Define una clase como un listener para eventos de la aplicación." }
    ],
    "respuesta": ["b"],
    "justificaciones": {
      "b": "La anotación `@WebServlet` se utiliza para declarar un servlet en una aplicación web JEE, facilitando la configuración y el manejo de peticiones HTTP. [https://docs.oracle.com/javaee/7/api/javax/servlet/annotation/WebServlet.html]"
    }
  },
  {
    "id": "2",
    "tipo": "simple",
    "tema": "Java EE",
    "pregunta": "¿Cuál de las siguientes opciones es la forma correcta de obtener un objeto `ServletContext` en un servlet JEE?",
    "opciones": [
      { "id": "a", "texto": "Usando `request.getContext()`." },
      { "id": "b", "texto": "Usando `session.getServletContext()`." },
      { "id": "c", "texto": "Usando `getServletContext()` directamente en el servlet." },
      { "id": "d", "texto": "Creando una nueva instancia de `ServletContext`." }
    ],
    "respuesta": ["c"],
    "justificaciones": {
      "c": "El método `getServletContext()` está disponible directamente en la clase `HttpServlet` y proporciona el `ServletContext` para la aplicación web. [https://docs.oracle.com/javaee/7/api/javax/servlet/ServletContext.html]"
    }
  },
  {
    "id": "3",
    "tipo": "simple",
    "tema": "Java EE",
    "pregunta": "¿Cuál de las siguientes opciones describe mejor la función de un `Filter` en JEE?",
    "opciones": [
      { "id": "a", "texto": "Interceptar y modificar peticiones y respuestas." },
      { "id": "b", "texto": "Gestionar la persistencia de datos en la base de datos." },
      { "id": "c", "texto": "Implementar la lógica de negocio de la aplicación." },
      { "id": "d", "texto": "Definir la estructura de la base de datos." }
    ],
    "respuesta": ["a"],
    "justificaciones": {
      "a": "Un `Filter` en JEE intercepta las peticiones y respuestas para realizar tareas como la autenticación, la autorización o la modificación del contenido. [https://docs.oracle.com/javaee/7/api/javax/servlet/Filter.html]"
    }
  },
  {
    "id": "4",
    "tipo": "simple",
    "tema": "Java EE",
    "pregunta": "¿Cuál de las siguientes opciones es la forma correcta de inyectar una dependencia en un EJB usando CDI?",
    "opciones": [
      { "id": "a", "texto": "Usando la anotación `@Autowired`." },
      { "id": "b", "texto": "Usando la anotación `@Inject`." },
      { "id": "c", "texto": "Usando la anotación `@Resource`." },
      { "id": "d", "texto": "Usando la anotación `@EJB`." }
    ],
    "respuesta": ["b"],
    "justificaciones": {
      "b": "La anotación `@Inject` es la forma estándar de inyectar dependencias en un EJB usando CDI (Contexts and Dependency Injection). [https://docs.oracle.com/javaee/7/api/javax/inject/Inject.html]"
    }
  },
  {
    "id": "5",
    "tipo": "verdadero_falso",
    "tema": "Java SE",
    "pregunta": "En Java, la interfaz `Serializable` se utiliza para indicar que una clase puede ser convertida a un flujo de bytes para su almacenamiento o transmisión.",
    "respuesta": ["verdadero"],
    "opciones": null,
    "justificaciones": {
      "verdadero": "La interfaz `Serializable` es una interfaz de marcador que indica que una clase puede ser serializada, es decir, convertida a un flujo de bytes para su almacenamiento o transmisión."
    }
  },
  {
    "id": "6",
    "tipo": "simple",
    "tema": "Java SE",
    "pregunta": "¿Cuál de las siguientes afirmaciones sobre la Máquina Virtual de Java (JVM) es verdadera?",
    "opciones": [
      {
        "id": "a",
        "texto": "La JVM es responsable de ejecutar el bytecode Java."
      },
      {
        "id": "b",
        "texto": "La JVM compila el código fuente Java a código máquina nativo."
      },
      {
        "id": "c",
        "texto": "Cada sistema operativo tiene su propia JVM idéntica."
      },
      {
        "id": "d",
        "texto": "La JVM solo puede ejecutar código escrito en Java."
      }
    ],
    "respuesta": ["a"],
    "justificaciones": {
      "a": "La JVM (Java Virtual Machine) es un componente fundamental de la plataforma Java que se encarga de ejecutar el bytecode compilado de Java, lo que permite la portabilidad del código entre diferentes sistemas operativos. [Referencia: Documentación oficial de Oracle Java]"
    }
  },
  {
    "id": "7",
    "tipo": "simple",
    "tema": "Java SE",
    "pregunta": "¿Qué palabra clave se usa para declarar una constante en Java?",
    "opciones": [
      {
        "id": "a",
        "texto": "final"
      },
      {
        "id": "b",
        "texto": "const"
      },
      {
        "id": "c",
        "texto": "static"
      },
      {
        "id": "d",
        "texto": "constant"
      }
    ],
    "respuesta": ["a"],
    "justificaciones": {
      "a": "En Java, la palabra clave `final` se utiliza para declarar una constante. Una vez que se le asigna un valor, no se puede modificar. [Referencia: Documentación oficial de Oracle Java]"
    }
  },
  {
    "id": "8",
    "tipo": "simple",
    "tema": "Java SE",
    "pregunta": "¿Qué tipo primitivo en Java tiene la mayor precisión decimal?",
    "opciones": [
      {
        "id": "a",
        "texto": "float"
      },
      {
        "id": "b",
        "texto": "double"
      },
      {
        "id": "c",
        "texto": "int"
      },
      {
        "id": "d",
        "texto": "long"
      }
    ],
    "respuesta": ["b"],
    "justificaciones": {
      "b": "El tipo primitivo `double` en Java utiliza 64 bits para almacenar números de punto flotante, lo que le confiere una mayor precisión decimal en comparación con `float` (32 bits). [Referencia: Documentación oficial de Oracle Java]"
    }
  },
  {
    "id": "9",
    "tipo": "simple",
    "tema": "Java SE",
    "pregunta": "¿Cuál de los siguientes operadores se usa para comparar referencias de objetos en Java?",
    "opciones": [
      {
        "id": "a",
        "texto": "=="
      },
      {
        "id": "b",
        "texto": ".equals()"
      },
      {
        "id": "c",
        "texto": "!="
      },
      {
        "id": "d",
        "texto": "compareTo()"
      }
    ],
    "respuesta": ["a"],
    "justificaciones": {
      "a": "El operador `==` se utiliza para comparar si dos referencias de objetos apuntan al mismo objeto en memoria. Para comparar el contenido de los objetos, se debe usar el método `.equals()`. [Referencia: Documentación oficial de Oracle Java]"
    }
  },
  {
    "id": "10",
    "tipo": "simple",
    "tema": "Java SE",
    "pregunta": "¿Cuál es la salida de un bucle do-while si la condición es falsa desde el inicio?",
    "opciones": [
      {
        "id": "a",
        "texto": "No se ejecuta el bloque."
      },
      {
        "id": "b",
        "texto": "Se ejecuta una vez el bloque antes de comprobar la condición."
      },
      {
        "id": "c",
        "texto": "Se ejecuta infinitamente."
      },
      {
        "id": "d",
        "texto": "Genera error de compilación."
      }
    ],
    "respuesta": ["b"],
    "justificaciones": {
      "b": "Un bucle `do-while` garantiza que el bloque de código se ejecute al menos una vez, ya que la condición se evalúa después de la primera iteración. [Referencia: Documentación oficial de Oracle Java]"
    }
  },
  {
    "id": "11",
    "tipo": "simple",
    "tema": "Java SE",
    "pregunta": "¿Qué principio de POO permite usar un método de forma distinta en clases hijas?",
    "opciones": [
      {
        "id": "a",
        "texto": "Encapsulamiento"
      },
      {
        "id": "b",
        "texto": "Polimorfismo"
      },
      {
        "id": "c",
        "texto": "Abstracción"
      },
      {
        "id": "d",
        "texto": "Herencia"
      }
    ],
    "respuesta": ["b"],
    "justificaciones": {
      "b": "El polimorfismo permite que objetos de diferentes clases respondan a la misma llamada de método de manera diferente, lo que se logra a través de la sobrescritura de métodos en clases hijas. [Referencia: Documentación oficial de Oracle Java]"
    }
  },
  {
    "id": "12",
    "tipo": "simple",
    "tema": "Java SE",
    "pregunta": "¿Cuál es el modificador de acceso más restrictivo en Java?",
    "opciones": [
      {
        "id": "a",
        "texto": "private"
      },
      {
        "id": "b",
        "texto": "protected"
      },
      {
        "id": "c",
        "texto": "default"
      },
      {
        "id": "d",
        "texto": "public"
      }
    ],
    "respuesta": ["a"],
    "justificaciones": {
      "a": "El modificador de acceso `private` restringe el acceso a miembros de una clase solo a la propia clase, haciéndolo el más restrictivo. [Referencia: Documentación oficial de Oracle Java]"
    }
  },
  {
    "id": "13",
    "tipo": "simple",
    "tema": "Java SE",
    "pregunta": "¿Cuál de las siguientes afirmaciones es verdadera sobre las clases abstractas?",
    "opciones": [
      {
        "id": "a",
        "texto": "Pueden tener métodos con implementación."
      },
      {
        "id": "b",
        "texto": "No pueden tener constructores."
      },
      {
        "id": "c",
        "texto": "Solo pueden contener métodos abstractos."
      },
      {
        "id": "d",
        "texto": "Pueden ser instanciadas directamente."
      }
    ],
    "respuesta": ["a"],
    "justificaciones": {
      "a": "Las clases abstractas en Java pueden contener tanto métodos abstractos (sin implementación) como métodos concretos (con implementación). [Referencia: Documentación oficial de Oracle Java]"
    }
  },
  {
    "id": "14",
    "tipo": "simple",
    "tema": "Java SE",
    "pregunta": "¿Qué característica distingue a una interfaz con métodos default?",
    "opciones": [
      {
        "id": "a",
        "texto": "Puede tener implementación en sus métodos."
      },
      {
        "id": "b",
        "texto": "No puede ser usada con múltiples clases."
      },
      {
        "id": "c",
        "texto": "Solo puede tener métodos abstractos."
      },
      {
        "id": "d",
        "texto": "No puede extender otras interfaces."
      }
    ],
    "respuesta": ["a"],
    "justificaciones": {
      "a": "A partir de Java 8, las interfaces pueden tener métodos `default` que incluyen una implementación por defecto, lo que permite añadir nuevos métodos a las interfaces sin romper las clases que ya las implementan. [Referencia: Documentación oficial de Oracle Java]"
    }
  },
  {
    "id": "15",
    "tipo": "simple",
    "tema": "Java SE",
    "pregunta": "¿Cuál es la jerarquía correcta de excepciones en Java?",
    "opciones": [
      {
        "id": "a",
        "texto": "Throwable > Exception > IOException"
      },
      {
        "id": "b",
        "texto": "Exception > Throwable > IOException"
      },
      {
        "id": "c",
        "texto": "Throwable > IOException > Exception"
      },
      {
        "id": "d",
        "texto": "IOException > Exception > Throwable"
      }
    ],
    "respuesta": ["a"],
    "justificaciones": {
      "a": "La clase base de todas las excepciones y errores en Java es `Throwable`. `Exception` es una subclase de `Throwable` que representa condiciones excepcionales que una aplicación puede querer capturar. `IOException` es una subclase de `Exception` que maneja errores de entrada/salida. [Referencia: Documentación oficial de Oracle Java]"
    }
  },
  {
    "id": "16",
    "tipo": "simple",
    "tema": "Java SE",
    "pregunta": "¿Qué bloque se ejecuta siempre después de try-catch, incluso si ocurre una excepción?",
    "opciones": [
      {
        "id": "a",
        "texto": "catch"
      },
      {
        "id": "b",
        "texto": "finally"
      },
      {
        "id": "c",
        "texto": "throw"
      },
      {
        "id": "d",
        "texto": "assert"
      }
    ],
    "respuesta": ["b"],
    "justificaciones": {
      "b": "El bloque `finally` en Java se ejecuta siempre, independientemente de si se produce una excepción o no en el bloque `try` o `catch`. Se utiliza comúnmente para liberar recursos. [Referencia: Documentación oficial de Oracle Java]"
    }
  },
  {
    "id": "17",
    "tipo": "simple",
    "tema": "Java SE",
    "pregunta": "¿Cuál de las siguientes es una excepción no verificada (unchecked)?",
    "opciones": [
      {
        "id": "a",
        "texto": "IOException"
      },
      {
        "id": "b",
        "texto": "NullPointerException"
      },
      {
        "id": "c",
        "texto": "SQLException"
      },
      {
        "id": "d",
        "texto": "FileNotFoundException"
      }
    ],
    "respuesta": ["b"],
    "justificaciones": {
      "b": "Las excepciones no verificadas (unchecked exceptions) son subclases de `RuntimeException` y no requieren ser declaradas o capturadas explícitamente. `NullPointerException` es un ejemplo común. [Referencia: Documentación oficial de Oracle Java]"
    }
  },
  {
    "id": "18",
    "tipo": "simple",
    "tema": "Java SE",
    "pregunta": "¿Cuál de estas interfaces permite elementos duplicados y mantiene el orden de inserción?",
    "opciones": [
      {
        "id": "a",
        "texto": "List"
      },
      {
        "id": "b",
        "texto": "Set"
      },
      {
        "id": "c",
        "texto": "Map"
      },
      {
        "id": "d",
        "texto": "HashSet"
      }
    ],
    "respuesta": ["a"],
    "justificaciones": {
      "a": "La interfaz `List` en Java (implementada por clases como `ArrayList` y `LinkedList`) permite almacenar elementos duplicados y mantiene el orden en que los elementos fueron insertados. [Referencia: Documentación oficial de Oracle Java]"
    }
  },
  {
    "id": "19",
    "tipo": "simple",
    "tema": "Java SE",
    "pregunta": "¿Qué diferencia a HashMap de Hashtable?",
    "opciones": [
      {
        "id": "a",
        "texto": "HashMap no es sincronizado y Hashtable sí."
      },
      {
        "id": "b",
        "texto": "Hashtable permite claves nulas y HashMap no."
      },
      {
        "id": "c",
        "texto": "HashMap no permite duplicados y Hashtable sí."
      },
      {
        "id": "d",
        "texto": "Hashtable mantiene el orden de inserción."
      }
    ],
    "respuesta": ["a"],
    "justificaciones": {
      "a": "`HashMap` no es sincronizado, lo que lo hace más rápido en entornos de un solo hilo, mientras que `Hashtable` es sincronizado y, por lo tanto, seguro para hilos pero más lento. [Referencia: Documentación oficial de Oracle Java]"
    }
  },
  {
    "id": "20",
    "tipo": "simple",
    "tema": "Java SE",
    "pregunta": "¿Cuál es el principal beneficio de usar genéricos en Java?",
    "opciones": [
      {
        "id": "a",
        "texto": "Chequeo de tipo en tiempo de compilación."
      },
      {
        "id": "b",
        "texto": "Permiten usar reflexión con más facilidad."
      },
      {
        "id": "c",
        "texto": "Reducen el uso de memoria."
      },
      {
        "id": "d",
        "texto": "Hacen el código más lento pero flexible."
      }
    ],
    "respuesta": ["a"],
    "justificaciones": {
      "a": "Los genéricos en Java proporcionan seguridad de tipo en tiempo de compilación, lo que ayuda a prevenir errores de `ClassCastException` en tiempo de ejecución y mejora la legibilidad del código. [Referencia: Documentación oficial de Oracle Java]"
    }
  },
  {
    "id": "21",
    "tipo": "simple",
    "tema": "Java SE",
    "pregunta": "¿Qué clase representa una fecha sin hora en java.time?",
    "opciones": [
      {
        "id": "a",
        "texto": "LocalDate"
      },
      {
        "id": "b",
        "texto": "Date"
      },
      {
        "id": "c",
        "texto": "Calendar"
      },
      {
        "id": "d",
        "texto": "ZonedDateTime"
      }
    ],
    "respuesta": ["a"],
    "justificaciones": {
      "a": "La clase `LocalDate` del paquete `java.time` (API de fecha y hora de Java 8+) representa una fecha sin información de hora ni zona horaria. [Referencia: Documentación oficial de Oracle Java]"
    }
  },
  {
    "id": "22",
    "tipo": "simple",
    "tema": "Java SE",
    "pregunta": "¿Cuál es el propósito de una expresión lambda en Java?",
    "opciones": [
      {
        "id": "a",
        "texto": "Permitir funciones anónimas y concisas."
      },
      {
        "id": "b",
        "texto": "Reemplazar completamente a las interfaces."
      },
      {
        "id": "c",
        "texto": "Evitar el uso de clases anónimas."
      },
      {
        "id": "d",
        "texto": "Crear objetos en tiempo de ejecución."
      }
    ],
    "respuesta": ["a"],
    "justificaciones": {
      "a": "Las expresiones lambda en Java 8+ permiten escribir funciones anónimas de forma concisa, lo que es especialmente útil para implementar interfaces funcionales y trabajar con la API de Streams. [Referencia: Documentación oficial de Oracle Java]"
    }
  },
  {
    "id": "23",
    "tipo": "simple",
    "tema": "Java SE",
    "pregunta": "¿Qué método terminal de Stream se usa para obtener un único resultado acumulado?",
    "opciones": [
      {
        "id": "a",
        "texto": "map()"
      },
      {
        "id": "b",
        "texto": "filter()"
      },
      {
        "id": "c",
        "texto": "reduce()"
      },
      {
        "id": "d",
        "texto": "sorted()"
      }
    ],
    "respuesta": ["c"],
    "justificaciones": {
      "c": "El método `reduce()` de la Stream API es un método terminal que realiza una operación de reducción en los elementos del stream para producir un único resultado acumulado. [Referencia: Documentación oficial de Oracle Java]"
    }
  },
  {
    "id": "24",
    "tipo": "simple",
    "tema": "Java SE",
    "pregunta": "¿Qué significa que un método sea static en Java?",
    "opciones": [
      {
        "id": "a",
        "texto": "Pertenece a la clase, no a una instancia."
      },
      {
        "id": "b",
        "texto": "Puede ser sobrescrito (override)."
      },
      {
        "id": "c",
        "texto": "Solo puede usarse dentro de un constructor."
      },
      {
        "id": "d",
        "texto": "No puede acceder a otras variables."
      }
    ],
    "respuesta": ["a"],
    "justificaciones": {
      "a": "Un método `static` en Java pertenece a la clase en sí, no a una instancia específica de la clase. Se puede llamar directamente usando el nombre de la clase sin necesidad de crear un objeto. [Referencia: Documentación oficial de Oracle Java]"
    }
  },
  {
    "id": "25",
    "tipo": "simple",
    "tema": "Java SE",
    "pregunta": "¿Qué ocurre si se intenta modificar un String en Java?",
    "opciones": [
      {
        "id": "a",
        "texto": "Se crea un nuevo objeto String."
      },
      {
        "id": "b",
        "texto": "El valor original cambia."
      },
      {
        "id": "c",
        "texto": "Se lanza una excepción."
      },
      {
        "id": "d",
        "texto": "El objeto String se convierte en null."
      }
    ],
    "respuesta": ["a"],
    "justificaciones": {
      "a": "Los objetos `String` en Java son inmutables. Cualquier operación que parezca modificar un `String` en realidad crea un nuevo objeto `String` con el contenido modificado, dejando el original intacto. [Referencia: Documentación oficial de Oracle Java]"
    }
  },
  {
    "id": "26",
    "tipo": "simple",
    "tema": "Java SE",
    "pregunta": "¿Qué sentencia detiene completamente la ejecución de un bucle en Java?",
    "opciones": [
      {
        "id": "a",
        "texto": "break"
      },
      {
        "id": "b",
        "texto": "continue"
      },
      {
        "id": "c",
        "texto": "exit"
      },
      {
        "id": "d",
        "texto": "return"
      }
    ],
    "respuesta": ["a"],
    "justificaciones": {
      "a": "La sentencia `break` se utiliza para salir de un bucle (`for`, `while`, `do-while`) o de una sentencia `switch` de forma inmediata. [Referencia: Documentación oficial de Oracle Java]"
    }
  },
  {
    "id": "27",
    "tipo": "simple",
    "tema": "Java SE",
    "pregunta": "¿Cuál es el operador de módulo en Java?",
    "opciones": [
      {
        "id": "a",
        "texto": "%"
      },
      {
        "id": "b",
        "texto": "/"
      },
      {
        "id": "c",
        "texto": "//"
      },
      {
        "id": "d",
        "texto": "^"
      }
    ],
    "respuesta": ["a"],
    "justificaciones": {
      "a": "El operador `%` en Java se utiliza para obtener el resto de una división entera (operador de módulo). [Referencia: Documentación oficial de Oracle Java]"
    }
  },
  {
    "id": "28",
    "tipo": "simple",
    "tema": "Java SE",
    "pregunta": "¿Qué palabra clave impide que una clase sea heredada?",
    "opciones": [
      {
        "id": "a",
        "texto": "final"
      },
      {
        "id": "b",
        "texto": "abstract"
      },
      {
        "id": "c",
        "texto": "static"
      },
      {
        "id": "d",
        "texto": "sealed"
      }
    ],
    "respuesta": ["a"],
    "justificaciones": {
      "a": "La palabra clave `final` se utiliza para evitar que una clase sea heredada, un método sea sobrescrito o una variable sea reasignada. [Referencia: Documentación oficial de Oracle Java]"
    }
  },
  {
    "id": "29",
    "tipo": "simple",
    "tema": "Java SE",
    "pregunta": "¿Cuál de estas es una operación intermedia en Stream API?",
    "opciones": [
      {
        "id": "a",
        "texto": "filter()"
      },
      {
        "id": "b",
        "texto": "forEach()"
      },
      {
        "id": "c",
        "texto": "count()"
      },
      {
        "id": "d",
        "texto": "collect()"
      }
    ],
    "respuesta": ["a"],
    "justificaciones": {
      "a": "Las operaciones intermedias en la Stream API, como `filter()`, `map()`, y `sorted()`, transforman un stream en otro stream y son perezosas (no se ejecutan hasta que se invoca una operación terminal). [Referencia: Documentación oficial de Oracle Java]"
    }
  },
  {
    "id": "30",
    "tipo": "simple",
    "tema": "Java SE",
    "pregunta": "¿Qué estructura de control permite iterar hasta que una condición deje de cumplirse?",
    "opciones": [
      {
        "id": "a",
        "texto": "while"
      },
      {
        "id": "b",
        "texto": "switch"
      },
      {
        "id": "c",
        "texto": "if"
      },
      {
        "id": "d",
        "texto": "break"
      }
    ],
    "respuesta": ["a"],
    "justificaciones": {
      "a": "El bucle `while` en Java se utiliza para iterar un bloque de código repetidamente mientras una condición especificada sea verdadera. La iteración se detiene cuando la condición se vuelve falsa. [Referencia: Documentación oficial de Oracle Java]"
    }
  }
]